,origin,exchange
0,JALマイレージバンク,Suica
1,JALマイレージバンク,東急
2,JALマイレージバンク,Ponta
3,JALマイレージバンク,JTBトラベルポイント
4,JALマイレージバンク,PiTaPa
5,JALマイレージバンク,小田急
6,JALマイレージバンク,近鉄電車
7,JALマイレージバンク,WAON
8,JALマイレージバンク,nimocaポイント
9,JALマイレージバンク,ビックカメラ
10,JALマイレージバンク,Amazonギフト券
11,JALマイレージバンク,JRキューポ
12,JALマイレージバンク,dポイント
13,JALマイレージバンク,三越伊勢丹
14,JALマイレージバンク,中部電力
15,JALマイレージバンク,楽天
0,ANAマイレージクラブ,Tポイント
1,ANAマイレージクラブ,楽天Edy
2,ANAマイレージクラブ,PiTaPa
3,ANAマイレージクラブ,楽天
4,ANAマイレージクラブ,東京メトロ
5,ANAマイレージクラブ,セブンカード／アイワイカード
6,ANAマイレージクラブ,高島屋
7,ANAマイレージクラブ,ヤマダ電機
8,ANAマイレージクラブ,Suica
9,ANAマイレージクラブ,京成
10,ANAマイレージクラブ,マツモトキヨシ
11,ANAマイレージクラブ,μstarポイントサービス
12,ANAマイレージクラブ,カエトクカード
13,ANAマイレージクラブ,JRキューポ
14,ANAマイレージクラブ,nanacoポイント
15,ANAマイレージクラブ,Apple Gift Card
16,ANAマイレージクラブ,スターバックス カード
17,ANAマイレージクラブ,ANA SKYコイン
18,ANAマイレージクラブ,東急
19,ANAマイレージクラブ,iDバリュー
20,ANAマイレージクラブ,三越伊勢丹
0,マイレージ・プラス,楽天
0,AAadvantage,None
0,フライングクラブ,ヒルトン
0,アジア・マイル,None
0,クリスフライヤー,None
0,ロイヤルオーキッドプラス,None
0,スカイマイル,None
0,アシアナクラブ,None
0,クラブ・ミッレミリア,None
0,ワンパスマイレージプログラム,None
0,ダイナスティ・フライヤー・プログラム,None
0,Vポイント（ワールドプレゼント）,ANA
1,Vポイント（ワールドプレゼント）,ベルメゾン
2,Vポイント（ワールドプレゼント）,dポイント
3,Vポイント（ワールドプレゼント）,上新電機
4,Vポイント（ワールドプレゼント）,楽天
5,Vポイント（ワールドプレゼント）,Gポイント
6,Vポイント（ワールドプレゼント）,楽天Edy
7,Vポイント（ワールドプレゼント）,ビックカメラ
8,Vポイント（ワールドプレゼント）,PiTaPa
9,Vポイント（ワールドプレゼント）,Tポイント
10,Vポイント（ワールドプレゼント）,京王
11,Vポイント（ワールドプレゼント）,ヨドバシカメラ
12,Vポイント（ワールドプレゼント）,WAONポイント
13,Vポイント（ワールドプレゼント）,カエトクカード
14,Vポイント（ワールドプレゼント）,iDバリュー
15,Vポイント（ワールドプレゼント）,nanacoポイント
16,Vポイント（ワールドプレゼント）,スターバックス カード
17,Vポイント（ワールドプレゼント）,ソニー
18,Vポイント（ワールドプレゼント）,Ponta
19,Vポイント（ワールドプレゼント）,タリーズカード
20,Vポイント（ワールドプレゼント）,PeX
21,Vポイント（ワールドプレゼント）,中部電力
22,Vポイント（ワールドプレゼント）,RealPay（旧PointExchange）
23,Vポイント（ワールドプレゼント）,ブリティッシュ・エアウェイズ
24,Vポイント（ワールドプレゼント）,エールフランス航空/KLMオランダ航空
25,Vポイント（ワールドプレゼント）,Amazonギフト券
26,Vポイント（ワールドプレゼント）,Apple Gift Card
0,Oki Dokiポイントプログラム,JAL
1,Oki Dokiポイントプログラム,ANA
2,Oki Dokiポイントプログラム,ベルメゾン
3,Oki Dokiポイントプログラム,ビックカメラ
4,Oki Dokiポイントプログラム,上新電機
5,Oki Dokiポイントプログラム,楽天
6,Oki Dokiポイントプログラム,セシール
7,Oki Dokiポイントプログラム,dポイント
8,Oki Dokiポイントプログラム,auポイント
9,Oki Dokiポイントプログラム,京王
10,Oki Dokiポイントプログラム,東京メトロ
11,Oki Dokiポイントプログラム,nanacoポイント
12,Oki Dokiポイントプログラム,JTBトラベルポイント
13,Oki Dokiポイントプログラム,ちょコムポイント
14,Oki Dokiポイントプログラム,デルタ航空
15,Oki Dokiポイントプログラム,楽天Edy
16,Oki Dokiポイントプログラム,カエトクカード
17,Oki Dokiポイントプログラム,大垣共立銀行
18,Oki Dokiポイントプログラム,スターバックス カード
19,Oki Dokiポイントプログラム,ANA SKYコイン
20,Oki Dokiポイントプログラム,スターフライヤー
21,Oki Dokiポイントプログラム,井筒屋
22,Oki Dokiポイントプログラム,Ponta
23,Oki Dokiポイントプログラム,WAONポイント
0,UC永久不滅ポイント,auポイント
1,UC永久不滅ポイント,dポイント
2,UC永久不滅ポイント,ビックカメラ
3,UC永久不滅ポイント,東京メトロ
4,UC永久不滅ポイント,ヤマダ電機
5,UC永久不滅ポイント,nanacoポイント
6,UC永久不滅ポイント,ANA
7,UC永久不滅ポイント,JTBトラベルポイント
8,UC永久不滅ポイント,楽天
9,UC永久不滅ポイント,ANA SKYコイン
10,UC永久不滅ポイント,Ponta
11,UC永久不滅ポイント,.money
0,DCハッピープレゼント,JAL
1,DCハッピープレゼント,auポイント
2,DCハッピープレゼント,dポイント
3,DCハッピープレゼント,Tポイント
4,DCハッピープレゼント,楽天
5,DCハッピープレゼント,ノジマ
6,DCハッピープレゼント,東急
7,DCハッピープレゼント,ヨドバシカメラ
8,DCハッピープレゼント,MUFGカード
9,DCハッピープレゼント,LuLuCaポイント
10,DCハッピープレゼント,Amazonギフト券
11,DCハッピープレゼント,Apple Gift Card
12,DCハッピープレゼント,nanacoポイント
13,DCハッピープレゼント,ベルメゾン
14,DCハッピープレゼント,Ponta
15,DCハッピープレゼント,中部電力
16,DCハッピープレゼント,WAONポイント
0,スマイルポイントプログラム,MUFGカード
0,わいわいプレゼント,JAL
1,わいわいプレゼント,楽天
2,わいわいプレゼント,ベルメゾン
3,わいわいプレゼント,dポイント
4,わいわいプレゼント,auポイント
5,わいわいプレゼント,キャセイパシフィック航空
6,わいわいプレゼント,東京メトロ
7,わいわいプレゼント,MUFGカード
8,わいわいプレゼント,Tポイント
9,わいわいプレゼント,ビックカメラ
10,わいわいプレゼント,nanacoポイント
11,わいわいプレゼント,Amazonギフト券
12,わいわいプレゼント,Apple Gift Card
13,わいわいプレゼント,Ponta
14,わいわいプレゼント,WAONポイント
0,ゴールドポイントプログラム,JAL
1,ゴールドポイントプログラム,楽天
2,ゴールドポイントプログラム,ベルメゾン
3,ゴールドポイントプログラム,dポイント
4,ゴールドポイントプログラム,auポイント
5,ゴールドポイントプログラム,キャセイパシフィック航空
6,ゴールドポイントプログラム,MUFGカード
7,ゴールドポイントプログラム,Tポイント
8,ゴールドポイントプログラム,ビックカメラ
9,ゴールドポイントプログラム,nanacoポイント
10,ゴールドポイントプログラム,Amazonギフト券
11,ゴールドポイントプログラム,Apple Gift Card
12,ゴールドポイントプログラム,Ponta
13,ゴールドポイントプログラム,WAONポイント
0,NICOSスマイルクラブ,None
0,暮らスマイル,ちょコムポイント
1,暮らスマイル,ベルメゾン
2,暮らスマイル,オリコポイント
0,ラブリィプレゼント,ANA
1,ラブリィプレゼント,auポイント
2,ラブリィプレゼント,Gポイント
3,ラブリィプレゼント,dポイント
4,ラブリィプレゼント,楽天
5,ラブリィプレゼント,Tポイント
6,ラブリィプレゼント,ベルメゾン
7,ラブリィプレゼント,JAL
8,ラブリィプレゼント,nanacoポイント
9,ラブリィプレゼント,Ponta
10,ラブリィプレゼント,ANA SKYコイン
11,ラブリィプレゼント,Amazonギフト券
0,LIFEサンクスプレゼント,ANA
1,LIFEサンクスプレゼント,Gポイント
2,LIFEサンクスプレゼント,dポイント
3,LIFEサンクスプレゼント,auポイント
4,LIFEサンクスプレゼント,楽天
5,LIFEサンクスプレゼント,ベルメゾン
6,LIFEサンクスプレゼント,Amazonギフト券
7,LIFEサンクスプレゼント,Ponta
0,メンバーシップ・リワード,ANA
1,メンバーシップ・リワード,JAL
2,メンバーシップ・リワード,チャイナエアライン
3,メンバーシップ・リワード,デルタ航空
4,メンバーシップ・リワード,ヴァージン アトランティック航空
5,メンバーシップ・リワード,タイ国際航空
6,メンバーシップ・リワード,キャセイパシフィック航空
7,メンバーシップ・リワード,シンガポール航空
8,メンバーシップ・リワード,ヒルトン
9,メンバーシップ・リワード,スターウッド
10,メンバーシップ・リワード,楽天
11,メンバーシップ・リワード,WebMoney
12,メンバーシップ・リワード,Tポイント
13,メンバーシップ・リワード,ブリティッシュ・エアウェイズ
14,メンバーシップ・リワード,エティハド航空
15,メンバーシップ・リワード,エミレーツ航空
16,メンバーシップ・リワード,エールフランス航空/KLMオランダ航空
17,メンバーシップ・リワード,カタール航空
18,メンバーシップ・リワード,Apple Gift Card
19,メンバーシップ・リワード,Amazonギフト券
20,メンバーシップ・リワード,.money
21,メンバーシップ・リワード,カンタス航空
0,ダイナースクラブ リワードプログラム,ANA
1,ダイナースクラブ リワードプログラム,ユナイテッド航空
2,ダイナースクラブ リワードプログラム,デルタ航空
3,ダイナースクラブ リワードプログラム,大韓航空
4,ダイナースクラブ リワードプログラム,Amazonギフト券
5,ダイナースクラブ リワードプログラム,WebMoney
6,ダイナースクラブ リワードプログラム,楽天
7,ダイナースクラブ リワードプログラム,ANA SKYコイン
8,ダイナースクラブ リワードプログラム,スターバックス カード
9,ダイナースクラブ リワードプログラム,Apple Gift Card
10,ダイナースクラブ リワードプログラム,Tポイント
11,ダイナースクラブ リワードプログラム,JAL
0,永久不滅ポイント,JAL
1,永久不滅ポイント,dポイント
2,永久不滅ポイント,auポイント
3,永久不滅ポイント,ヤマダ電機
4,永久不滅ポイント,ANA
5,永久不滅ポイント,ベルメゾン
6,永久不滅ポイント,Amazonギフト券
7,永久不滅ポイント,WebMoney
8,永久不滅ポイント,nanacoポイント
9,永久不滅ポイント,西武
10,永久不滅ポイント,JTBトラベルポイント
11,永久不滅ポイント,マネックス証券
12,永久不滅ポイント,楽天
13,永久不滅ポイント,ビックカメラ
14,永久不滅ポイント,Suica
15,永久不滅ポイント,ANA SKYコイン
16,永久不滅ポイント,Ponta
17,永久不滅ポイント,無印良品
18,永久不滅ポイント,スターバックス カード
19,永久不滅ポイント,.money
20,永久不滅ポイント,JRキューポ
0,Gポイント,ANA
1,Gポイント,Amazonギフト券
2,Gポイント,上新電機
3,Gポイント,dポイント
4,Gポイント,セシール
5,Gポイント,ベルメゾン
6,Gポイント,スターバックス カード
7,Gポイント,GDO
8,Gポイント,三井住友カード
9,Gポイント,マイ・グリーンスタンプ
10,Gポイント,楽天Edy
11,Gポイント,現金（楽天銀行）
12,Gポイント,ソフマップ
13,Gポイント,WebMoney
14,Gポイント,auポイント
15,Gポイント,PiTaPa
16,Gポイント,現金（PayPay銀行）
17,Gポイント,WAONポイント
18,Gポイント,ビックカメラ
19,Gポイント,Tポイント
20,Gポイント,カエトクカード
21,Gポイント,nimocaポイント
22,Gポイント,nanacoポイント
23,Gポイント,iDバリュー
24,Gポイント,JAL
25,Gポイント,Sポイント
26,Gポイント,Apple Gift Card
27,Gポイント,ANA SKYコイン
28,Gポイント,リクルート
29,Gポイント,Ponta
30,Gポイント,ANA VISA（マスター）カード（ボーナス）
31,Gポイント,タリーズカード
32,Gポイント,JRキューポ
33,Gポイント,NET CASH
34,Gポイント,LINEポイント
0,ネットマイル,アメリカン航空
1,ネットマイル,dポイント
2,ネットマイル,auポイント
3,ネットマイル,スターバックス カード
4,ネットマイル,ベルメゾン
5,ネットマイル,セシール
6,ネットマイル,ANA
7,ネットマイル,ナチュラム
8,ネットマイル,現金（楽天銀行）
9,ネットマイル,現金（PayPay銀行）
10,ネットマイル,キャセイパシフィック航空
11,ネットマイル,楽天Edy
12,ネットマイル,ユナイテッド航空
13,ネットマイル,ソフマップ
14,ネットマイル,ちょコムeマネー
15,ネットマイル,Amazonギフト券
16,ネットマイル,Tポイント
17,ネットマイル,現金（住信SBIネット銀行）
18,ネットマイル,JAL
19,ネットマイル,西武
20,ネットマイル,nanacoポイント
21,ネットマイル,Apple Gift Card
22,ネットマイル,ANA SKYコイン
23,ネットマイル,BEAM
24,ネットマイル,リクルート
25,ネットマイル,スターフライヤー
26,ネットマイル,Ponta
27,ネットマイル,LINEギフトコード
28,ネットマイル,WebMoney
29,ネットマイル,WAONポイント
30,ネットマイル,gooポイント
31,ネットマイル,LINEポイント
0,GSポイント,JAL
1,GSポイント,Gポイント
2,GSポイント,楽天Edy
3,GSポイント,WebMoney
4,GSポイント,PiTaPa
5,GSポイント,nimocaポイント
6,GSポイント,Amazonギフト券
7,GSポイント,.money
0,アウトレット・ポイント,JAL
0,ビックポイントサービス,Suica
1,ビックポイントサービス,J-WESTカード
2,ビックポイントサービス,ソフマップ
3,ビックポイントサービス,JAL
4,ビックポイントサービス,コジマ
5,ビックポイントサービス,JRキューポ
0,Joshinポイント,None
0,楽天ポイント,ANA
1,楽天ポイント,楽天Edy
2,楽天ポイント,JAL
0,Yahoo!ポイント,None
0,セシールスマイルポイント,ANA
1,セシールスマイルポイント,Gポイント
2,セシールスマイルポイント,ネットマイル
3,セシールスマイルポイント,gooポイント
4,セシールスマイルポイント,dポイント
5,セシールスマイルポイント,エルネ
0,ベルメゾン・ポイント,None
0,ナチュラムマイレージポイント,ネットマイル
0,GDOポイント,None
0,Amazonギフト券,None
0,ティーポイント,ANA
1,ティーポイント,現金（PayPay銀行）
2,ティーポイント,中部電力
3,ティーポイント,JRキューポ
0,電子ポイント,None
0,hontoポイント,None
0,dポイントクラブ,JAL
0,auポイントプログラム,Ponta
1,auポイントプログラム,スターバックス カード
2,auポイントプログラム,マツモトキヨシ
0,gooポイント（旧ポイントーク）,楽天
1,gooポイント（旧ポイントーク）,ANA
2,gooポイント（旧ポイントーク）,JAL
3,gooポイント（旧ポイントーク）,セシール
4,gooポイント（旧ポイントーク）,ビックカメラ
5,gooポイント（旧ポイントーク）,dポイント
6,gooポイント（旧ポイントーク）,ちょコムポイント
7,gooポイント（旧ポイントーク）,Amazonギフト券
8,gooポイント（旧ポイントーク）,楽天Edy
9,gooポイント（旧ポイントーク）,nanaco
10,gooポイント（旧ポイントーク）,Apple Gift Card
11,gooポイント（旧ポイントーク）,東京メトロ
12,gooポイント（旧ポイントーク）,ネットマイル
13,gooポイント（旧ポイントーク）,LINEポイント
0,@NIFTYポイント,None
0,ソネットポイント,JAL
1,ソネットポイント,ANA
2,ソネットポイント,ソニー
3,ソネットポイント,auポイント
4,ソネットポイント,Ponta
5,ソネットポイント,dポイント
6,ソネットポイント,楽天
0,プラスポイントサービス,ANA
1,プラスポイントサービス,dポイント
2,プラスポイントサービス,JAL
3,プラスポイントサービス,楽天
0,た～まるコース,ANA
1,た～まるコース,dポイント
2,た～まるコース,JAL
3,た～まるコース,楽天
0,ポイントプログラム,None
0,コスモ・ガソリンマイレージ（コスモ・ザ・カード）,楽天Edy
0,ポイントサービス（タカシマヤカード）,ANA
0,ポイントサービス,JAL
0,TOKYUポイント,JAL
1,TOKYUポイント,PASMO
2,TOKYUポイント,Suica
3,TOKYUポイント,NEXCO中日本
4,TOKYUポイント,ANA
0,ときめきポイント,JAL
1,ときめきポイント,dポイント
2,ときめきポイント,Suica
3,ときめきポイント,WAONポイント
4,ときめきポイント,NEXCO東日本
5,ときめきポイント,JRキューポ
0,わくわくポイント,JAL
1,わくわくポイント,dポイント
2,わくわくポイント,auポイント
3,わくわくポイント,現金（楽天銀行）
4,わくわくポイント,Amazonギフト券
5,わくわくポイント,Gポイント
6,わくわくポイント,Ponta
7,わくわくポイント,nanacoポイント
8,わくわくポイント,現金（PayPay銀行）
9,わくわくポイント,現金（住信SBIネット銀行）
10,わくわくポイント,nanaco
0,Pontaポイント,JAL
1,Pontaポイント,au WALLET
2,Pontaポイント,マツモトキヨシ
3,Pontaポイント,LINEポイント
4,Pontaポイント,WebMoney
5,Pontaポイント,中部電力
0,三菱東京ＵＦＪポイント,ネットマイル
1,三菱東京ＵＦＪポイント,auポイント
2,三菱東京ＵＦＪポイント,楽天
3,三菱東京ＵＦＪポイント,Tポイント
4,三菱東京ＵＦＪポイント,JAL
5,三菱東京ＵＦＪポイント,ノジマ
6,三菱東京ＵＦＪポイント,東急
7,三菱東京ＵＦＪポイント,ヨドバシカメラ
8,三菱東京ＵＦＪポイント,Suica
9,三菱東京ＵＦＪポイント,近鉄電車
10,三菱東京ＵＦＪポイント,Sポイント
11,三菱東京ＵＦＪポイント,ソフトバンク
12,三菱東京ＵＦＪポイント,dポイント
13,三菱東京ＵＦＪポイント,nanacoポイント
14,三菱東京ＵＦＪポイント,ベルメゾン
15,三菱東京ＵＦＪポイント,Ponta
16,三菱東京ＵＦＪポイント,WAONポイント
0,Vポイント（旧SMBCポイント）,三井住友カード
1,Vポイント（旧SMBCポイント）,ANA VISA（マスター）カード（ボーナス）
0,マネックスポイント,ANA
1,マネックスポイント,Tポイント
2,マネックスポイント,nanacoポイント
3,マネックスポイント,JAL
4,マネックスポイント,WAONポイント
5,マネックスポイント,dポイント
6,マネックスポイント,Amazonギフト券
7,マネックスポイント,Ponta
0,楽天証券ポイント,楽天
1,楽天証券ポイント,JAL
0,JRE POINT,JAL
1,JRE POINT,Suica
2,JRE POINT,ビックカメラ
0,はぴeポイントクラブ,ANA
1,はぴeポイントクラブ,PiTaPa
2,はぴeポイントクラブ,楽天
3,はぴeポイントクラブ,ベルメゾン
4,はぴeポイントクラブ,カエトクカード
5,はぴeポイントクラブ,nanacoポイント
6,はぴeポイントクラブ,Sポイント
7,はぴeポイントクラブ,WAONポイント
8,はぴeポイントクラブ,Ponta
9,はぴeポイントクラブ,dポイント
10,はぴeポイントクラブ,Tポイント
0,スターバックス カード,None
0,マツキヨポイント,ANA
1,マツキヨポイント,マイ・グリーンスタンプ
2,マツキヨポイント,楽天Edy
3,マツキヨポイント,楽天
4,マツキヨポイント,dポイント
5,マツキヨポイント,近畿日本ツーリスト
6,マツキヨポイント,Gポイント
7,マツキヨポイント,ぐるなび
8,マツキヨポイント,JAL
0,オンライン商品券,None
0,Suica,None
0,楽天Edy,None
0,ショップ de ポイント,ANA
1,ショップ de ポイント,JAL
0,現金,None
0,現金,None
0,りそなクラブポイント,セブンカード／アイワイカード
1,りそなクラブポイント,dポイント
2,りそなクラブポイント,Tポイント
3,りそなクラブポイント,上新電機
4,りそなクラブポイント,高島屋
5,りそなクラブポイント,JAL
6,りそなクラブポイント,ヨドバシカメラ
7,りそなクラブポイント,楽天
8,りそなクラブポイント,auポイント
9,りそなクラブポイント,WAONポイント
10,りそなクラブポイント,nanacoポイント
11,りそなクラブポイント,楽天Edy
12,りそなクラブポイント,OSAKA PiTaPa
13,りそなクラブポイント,ANA
14,りそなクラブポイント,埼玉りそな銀行
15,りそなクラブポイント,関西みらい銀行
16,りそなクラブポイント,Ponta
17,りそなクラブポイント,近鉄電車
18,りそなクラブポイント,ビックカメラ
19,りそなクラブポイント,ベルメゾン
20,りそなクラブポイント,スターバックス カード
21,りそなクラブポイント,LINEポイント
0,セブンカードのポイント,ANA
1,セブンカードのポイント,nanacoポイント
0,ヨドバシカメラゴールドポイント,None
0,ヤマダポイント,ベルメゾン
1,ヤマダポイント,ANA
2,ヤマダポイント,ANA SKYコイン
0,ノジマスーパーポイント,None
0,ヒルトン・オナーズポイント,JAL
1,ヒルトン・オナーズポイント,ANA
2,ヒルトン・オナーズポイント,アメリカン航空
3,ヒルトン・オナーズポイント,ヴァージン アトランティック航空
4,ヒルトン・オナーズポイント,キャセイパシフィック航空
5,ヒルトン・オナーズポイント,コンチネンタル航空
6,ヒルトン・オナーズポイント,シンガポール航空
7,ヒルトン・オナーズポイント,タイ国際航空
8,ヒルトン・オナーズポイント,チャイナエアライン
9,ヒルトン・オナーズポイント,デルタ航空
10,ヒルトン・オナーズポイント,エールフランス航空/KLMオランダ航空
11,ヒルトン・オナーズポイント,エアチャイナ
12,ヒルトン・オナーズポイント,カンタス航空
13,ヒルトン・オナーズポイント,ルフトハンザ
14,ヒルトン・オナーズポイント,ブリティッシュ・エアウェイズ
15,ヒルトン・オナーズポイント,カタール航空
16,ヒルトン・オナーズポイント,エティハド航空
0,スターポイント,ANA
1,スターポイント,アメリカン航空
2,スターポイント,キャセイパシフィック航空
3,スターポイント,JAL
4,スターポイント,デルタ航空
5,スターポイント,タイ国際航空
6,スターポイント,ユナイテッド航空
7,スターポイント,ヴァージン アトランティック航空
8,スターポイント,アシアナ航空
9,スターポイント,エールフランス航空/KLMオランダ航空
10,スターポイント,エアチャイナ
11,スターポイント,中国南方航空
12,スターポイント,ルフトハンザ
13,スターポイント,中国東方航空
14,スターポイント,ブリティッシュ・エアウェイズ
15,スターポイント,カタール航空
16,スターポイント,エティハド航空
17,スターポイント,エミレーツ航空
18,スターポイント,マリオット
0,IHGリワーズクラブ,アメリカン航空
1,IHGリワーズクラブ,アシアナ航空
2,IHGリワーズクラブ,デルタ航空
3,IHGリワーズクラブ,JAL
4,IHGリワーズクラブ,ユナイテッド航空
5,IHGリワーズクラブ,キャセイパシフィック航空
6,IHGリワーズクラブ,タイ国際航空
7,IHGリワーズクラブ,ANA
8,IHGリワーズクラブ,シンガポール航空
9,IHGリワーズクラブ,エールフランス航空/KLMオランダ航空
10,IHGリワーズクラブ,エアチャイナ
11,IHGリワーズクラブ,中国東方航空
12,IHGリワーズクラブ,中国南方航空
13,IHGリワーズクラブ,ルフトハンザ
14,IHGリワーズクラブ,カンタス航空
15,IHGリワーズクラブ,エティハド航空
0,ハイアット ゴールド パスポート,ANA
1,ハイアット ゴールド パスポート,アメリカン航空
2,ハイアット ゴールド パスポート,キャセイパシフィック航空
3,ハイアット ゴールド パスポート,チャイナエアライン
4,ハイアット ゴールド パスポート,コンチネンタル航空
5,ハイアット ゴールド パスポート,デルタ航空
6,ハイアット ゴールド パスポート,タイ国際航空
7,ハイアット ゴールド パスポート,ユナイテッド航空
8,ハイアット ゴールド パスポート,ヴァージン アトランティック航空
9,ハイアット ゴールド パスポート,JAL
10,ハイアット ゴールド パスポート,シンガポール航空
11,ハイアット ゴールド パスポート,アシアナ航空
12,ハイアット ゴールド パスポート,エールフランス航空/KLMオランダ航空
13,ハイアット ゴールド パスポート,エアチャイナ
14,ハイアット ゴールド パスポート,中国東方航空
15,ハイアット ゴールド パスポート,カンタス航空
16,ハイアット ゴールド パスポート,ルフトハンザ
17,ハイアット ゴールド パスポート,大韓航空
18,ハイアット ゴールド パスポート,ブリティッシュ・エアウェイズ
19,ハイアット ゴールド パスポート,カタール航空
20,ハイアット ゴールド パスポート,エティハド航空
21,ハイアット ゴールド パスポート,エミレーツ航空
0,JTBトラベルポイント,JAL
1,JTBトラベルポイント,三越伊勢丹
0,KNTポイント,None
0,旅ぷらざポイント,None
0,BRポイント,None
0,リクルートポイント,無印良品
1,リクルートポイント,Ponta
0,ぐるなびスーパー「ぐ」ポイント,楽天
0,とっておきプレゼント,dポイント
1,とっておきプレゼント,auポイント
2,とっておきプレゼント,JAL
3,とっておきプレゼント,ネットマイル
4,とっておきプレゼント,ANA
5,とっておきプレゼント,カエトクカード
6,とっておきプレゼント,PeX
7,とっておきプレゼント,ちょびリッチ
8,とっておきプレゼント,Amazonギフト券
9,とっておきプレゼント,ANA SKYコイン
10,とっておきプレゼント,Ponta
0,点でうれしいプレゼント,楽天
1,点でうれしいプレゼント,ANA
2,点でうれしいプレゼント,dポイント
3,点でうれしいプレゼント,auポイント
4,点でうれしいプレゼント,Ponta
5,点でうれしいプレゼント,Amazonギフト券
0,ワンダフルプレゼント21,dポイント
1,ワンダフルプレゼント21,auポイント
2,ワンダフルプレゼント21,コスモ石油
3,ワンダフルプレゼント21,JAL
4,ワンダフルプレゼント21,楽天
5,ワンダフルプレゼント21,ベルメゾン
6,ワンダフルプレゼント21,Tポイント
7,ワンダフルプレゼント21,Ponta
8,ワンダフルプレゼント21,nanacoポイント
9,ワンダフルプレゼント21,nanaco
0,ショッピングポイント,None
0,ソニーポイント,None
0,ダイワポイントプログラム,ANA
1,ダイワポイントプログラム,三井住友カード
2,ダイワポイントプログラム,JAL
3,ダイワポイントプログラム,ANA VISA（マスター）カード（ボーナス）
0,KARUWAZA CLUB,None
0,エルネ,Amazonギフト券
1,エルネ,Gポイント
2,エルネ,上新電機
3,エルネ,セシール
4,エルネ,PeX
5,エルネ,ベルメゾン
6,エルネ,.money
7,エルネ,honto
8,エルネ,現金（楽天銀行）
0,ちょびリッチポイント,楽天Edy
1,ちょびリッチポイント,Amazonギフト券
2,ちょびリッチポイント,Gポイント
3,ちょびリッチポイント,現金（楽天銀行）
4,ちょびリッチポイント,現金（PayPay銀行）
5,ちょびリッチポイント,WebMoney
6,ちょびリッチポイント,PeX
7,ちょびリッチポイント,ちょコムポイント
8,ちょびリッチポイント,ベルメゾン
9,ちょびリッチポイント,ビックカメラ
10,ちょびリッチポイント,Tポイント
11,ちょびリッチポイント,nanaco
12,ちょびリッチポイント,ANA
13,ちょびリッチポイント,カエトクカード
14,ちょびリッチポイント,現金（住信SBIネット銀行）
15,ちょびリッチポイント,JAL
16,ちょびリッチポイント,Apple Gift Card
17,ちょびリッチポイント,.money
18,ちょびリッチポイント,BitCash
19,ちょびリッチポイント,NET CASH
20,ちょびリッチポイント,dポイント
0,マクロミルポイント,現金（楽天銀行）
1,マクロミルポイント,現金（PayPay銀行）
2,マクロミルポイント,PeX
3,マクロミルポイント,Amazonギフト券
4,マクロミルポイント,Gポイント
5,マクロミルポイント,Tポイント
0,CMポイント,現金（PayPay銀行）
1,CMポイント,現金（楽天銀行）
2,CMポイント,Tポイント
3,CMポイント,ベルメゾン
4,CMポイント,楽天
5,CMポイント,.money
6,CMポイント,クレディセゾン
7,CMポイント,Ponta
0,colleeeポイント（予想ネットポイント）,現金（楽天銀行）
1,colleeeポイント（予想ネットポイント）,現金（PayPay銀行）
2,colleeeポイント（予想ネットポイント）,楽天Edy
3,colleeeポイント（予想ネットポイント）,コスモ石油
4,colleeeポイント（予想ネットポイント）,Amazonギフト券
5,colleeeポイント（予想ネットポイント）,WebMoney
6,colleeeポイント（予想ネットポイント）,PeX
7,colleeeポイント（予想ネットポイント）,セシール
8,colleeeポイント（予想ネットポイント）,ベルメゾン
9,colleeeポイント（予想ネットポイント）,Tポイント
10,colleeeポイント（予想ネットポイント）,現金（住信SBIネット銀行）
11,colleeeポイント（予想ネットポイント）,nanacoポイント
12,colleeeポイント（予想ネットポイント）,Apple Gift Card
13,colleeeポイント（予想ネットポイント）,.money
0,わくわくポイント,None
0,へそクリックポイント,None
0,Oki Dokiポイントプログラム（ANA JCBカード）,ANA
1,Oki Dokiポイントプログラム（ANA JCBカード）,dポイント
2,Oki Dokiポイントプログラム（ANA JCBカード）,auポイント
3,Oki Dokiポイントプログラム（ANA JCBカード）,上新電機
4,Oki Dokiポイントプログラム（ANA JCBカード）,楽天
5,Oki Dokiポイントプログラム（ANA JCBカード）,ビックカメラ
6,Oki Dokiポイントプログラム（ANA JCBカード）,ベルメゾン
7,Oki Dokiポイントプログラム（ANA JCBカード）,セシール
8,Oki Dokiポイントプログラム（ANA JCBカード）,nanacoポイント
9,Oki Dokiポイントプログラム（ANA JCBカード）,JTBトラベルポイント
10,Oki Dokiポイントプログラム（ANA JCBカード）,ちょコムポイント
11,Oki Dokiポイントプログラム（ANA JCBカード）,楽天Edy
12,Oki Dokiポイントプログラム（ANA JCBカード）,カエトクカード
13,Oki Dokiポイントプログラム（ANA JCBカード）,東京メトロ
14,Oki Dokiポイントプログラム（ANA JCBカード）,スターバックス カード
15,Oki Dokiポイントプログラム（ANA JCBカード）,ANA SKYコイン
16,Oki Dokiポイントプログラム（ANA JCBカード）,Ponta
17,Oki Dokiポイントプログラム（ANA JCBカード）,WAONポイント
0,Vポイント（ANA VISA（マスター）カード）,ANA
1,Vポイント（ANA VISA（マスター）カード）,Tポイント
2,Vポイント（ANA VISA（マスター）カード）,楽天
3,Vポイント（ANA VISA（マスター）カード）,Gポイント
4,Vポイント（ANA VISA（マスター）カード）,dポイント
5,Vポイント（ANA VISA（マスター）カード）,楽天Edy
6,Vポイント（ANA VISA（マスター）カード）,ビックカメラ
7,Vポイント（ANA VISA（マスター）カード）,上新電機
8,Vポイント（ANA VISA（マスター）カード）,ベルメゾン
9,Vポイント（ANA VISA（マスター）カード）,PiTaPa
10,Vポイント（ANA VISA（マスター）カード）,ヨドバシカメラ
11,Vポイント（ANA VISA（マスター）カード）,iDバリュー
12,Vポイント（ANA VISA（マスター）カード）,カエトクカード
13,Vポイント（ANA VISA（マスター）カード）,WAONポイント
14,Vポイント（ANA VISA（マスター）カード）,nanacoポイント
15,Vポイント（ANA VISA（マスター）カード）,スターバックス カード
16,Vポイント（ANA VISA（マスター）カード）,Ponta
17,Vポイント（ANA VISA（マスター）カード）,タリーズカード
18,Vポイント（ANA VISA（マスター）カード）,PeX
19,Vポイント（ANA VISA（マスター）カード）,中部電力
20,Vポイント（ANA VISA（マスター）カード）,RealPay（旧PointExchange）
21,Vポイント（ANA VISA（マスター）カード）,ブリティッシュ・エアウェイズ
22,Vポイント（ANA VISA（マスター）カード）,エールフランス航空/KLMオランダ航空
23,Vポイント（ANA VISA（マスター）カード）,Amazonギフト券
24,Vポイント（ANA VISA（マスター）カード）,Apple Gift Card
0,ECナビポイント,PeX
1,ECナビポイント,Apple Gift Card
2,ECナビポイント,Amazonギフト券
0,ポケット・ポイント,JAL
1,ポケット・ポイント,Gポイント
2,ポケット・ポイント,dポイント
3,ポケット・ポイント,現金（楽天銀行）
4,ポケット・ポイント,現金（PayPay銀行）
5,ポケット・ポイント,ベルメゾン
6,ポケット・ポイント,auポイント
7,ポケット・ポイント,Tポイント
8,ポケット・ポイント,Ponta
0,ポイントオン,None
0,リアルワールド（旧ライフマイル）,楽天
1,リアルワールド（旧ライフマイル）,PeX
2,リアルワールド（旧ライフマイル）,ANA
3,リアルワールド（旧ライフマイル）,RealPay（旧PointExchange）
4,リアルワールド（旧ライフマイル）,.money
0,Uポイントプラスプログラム,JAL
1,Uポイントプラスプログラム,ユニコ
0,グリーンスタンプギフト券,JAL
1,グリーンスタンプギフト券,楽天Edy
2,グリーンスタンプギフト券,マイ・グリーンスタンプ
3,グリーンスタンプギフト券,WebMoney
4,グリーンスタンプギフト券,Gポイント
5,グリーンスタンプギフト券,PiTaPa
6,グリーンスタンプギフト券,Amazonギフト券
7,グリーンスタンプギフト券,Apple Gift Card
0,ソフマップポイント,ビックカメラ
0,ブルーチップギフト券,ANA
1,ブルーチップギフト券,楽天
2,ブルーチップギフト券,Tポイント
3,ブルーチップギフト券,Amazonギフト券
4,ブルーチップギフト券,Apple Gift Card
0,livedoorポイント,None
0,ビッダーズポイント,None
0,ソフトバンクポイントプログラム,None
0,ショッピングサーチ.jpポイント,None
0,ワラウポイント,現金（楽天銀行）
1,ワラウポイント,楽天Edy
2,ワラウポイント,現金（PayPay銀行）
3,ワラウポイント,WebMoney
4,ワラウポイント,PeX
5,ワラウポイント,nanaco
6,ワラウポイント,RealPay（旧PointExchange）
7,ワラウポイント,現金（住信SBIネット銀行）
8,ワラウポイント,Amazonギフト券
9,ワラウポイント,Apple Gift Card
10,ワラウポイント,Tポイント
11,ワラウポイント,.money
12,ワラウポイント,dポイント
0,WebMoney,None
0,小田急ポイントカード,JAL
0,ICOCA,None
0,J-WESTポイント,ICOCA
0,京王グループ共通ポイント,None
0,えきねっとポイント,ビューカード
1,えきねっとポイント,Suica
2,えきねっとポイント,Suicaポイント
0,エポスポイント,ANA
1,エポスポイント,dポイント
2,エポスポイント,auポイント
3,エポスポイント,ノジマ
4,エポスポイント,ANA SKYコイン
5,エポスポイント,Apple Gift Card
6,エポスポイント,JAL
7,エポスポイント,スターバックス カード
8,エポスポイント,Ponta
9,エポスポイント,JRキューポ
0,タイムズポイント,JAL
1,タイムズポイント,OSAKA PiTaPa
2,タイムズポイント,J-WESTカード
0,デポ・マイレージ,JAL
0,PASMO,None
0,メトロポイント,PASMO
1,メトロポイント,ANA
2,メトロポイント,楽天
3,メトロポイント,nanacoポイント
0,クレジット積立,None
0,ポイントプラス,JAL
1,ポイントプラス,auポイント
2,ポイントプラス,Suica
3,ポイントプラス,ANA
4,ポイントプラス,Ponta
0,The Cheque,None
0,リーフポイントプレゼント,None
0,PeX,楽天Edy
1,PeX,WebMoney
2,PeX,現金（楽天銀行）
3,PeX,現金（PayPay銀行）
4,PeX,セシール
5,PeX,Amazonギフト券
6,PeX,ANA
7,PeX,ベルメゾン
8,PeX,WAONポイント
9,PeX,ヤマダ電機
10,PeX,現金（住信SBIネット銀行）
11,PeX,nimocaポイント
12,PeX,ちょコムポイント
13,PeX,JAL
14,PeX,nanacoポイント
15,PeX,ANA SKYコイン
16,PeX,Tポイント
17,PeX,リクルート
18,PeX,スターフライヤー
19,PeX,BitCash
20,PeX,LINEポイント
21,PeX,三井住友カード
22,PeX,ANA VISA（マスター）カード（ボーナス）
23,PeX,Ponta
24,PeX,楽天
25,PeX,dポイント
0,空丸ポイント,None
0,nanaco,None
0,nanacoポイント,nanaco
1,nanacoポイント,ANA
2,nanacoポイント,ANA SKYコイン
0,WAON,None
0,電子マネーWAONポイント,WAON
0,Suicaポイント,Suica
0,KIPSポイント,JAL
0,AOYAMAポイント,J-WESTカード
1,AOYAMAポイント,PiTaPa
0,ちょコムeマネー,Amazonギフト券
1,ちょコムeマネー,WebMoney
2,ちょコムeマネー,nanaco
3,ちょコムeマネー,楽天Edy
4,ちょコムeマネー,NET CASH
5,ちょコムeマネー,BitCash
0,Amazonポイント,None
0,TEPOREポイント,None
0,ちょコムポイント,JAL
1,ちょコムポイント,ちょコムeマネー
2,ちょコムポイント,WAONポイント
3,ちょコムポイント,PeX
0,JPバンクカードポイント,ANA
1,JPバンクカードポイント,auポイント
2,JPバンクカードポイント,楽天Edy
3,JPバンクカードポイント,Tポイント
4,JPバンクカードポイント,dポイント
5,JPバンクカードポイント,PiTaPa
6,JPバンクカードポイント,ビックカメラ
7,JPバンクカードポイント,楽天
8,JPバンクカードポイント,Ponta
0,ポイントモンキー,現金（楽天銀行）
1,ポイントモンキー,現金（PayPay銀行）
2,ポイントモンキー,楽天Edy
3,ポイントモンキー,PeX
4,ポイントモンキー,WebMoney
5,ポイントモンキー,nanaco
6,ポイントモンキー,RealPay（旧PointExchange）
7,ポイントモンキー,Amazonギフト券
8,ポイントモンキー,Apple Gift Card
0,ダイエーハートポイント,None
0,ショッピングポイント,None
0,SBIポイント,現金（楽天銀行）
1,SBIポイント,現金（PayPay銀行）
2,SBIポイント,PeX
3,SBIポイント,ANA
4,SBIポイント,JAL
5,SBIポイント,現金（住信SBIネット銀行）
6,SBIポイント,nanacoポイント
7,SBIポイント,Tポイント
0,京成グループポイント,PASMO
1,京成グループポイント,楽天
2,京成グループポイント,ANA
0,HMVメンバーズ ポイント,None
0,グローバルポイント,JAL
1,グローバルポイント,ユナイテッド航空
2,グローバルポイント,楽天
3,グローバルポイント,ビックカメラ
4,グローバルポイント,ベルメゾン
5,グローバルポイント,dポイント
6,グローバルポイント,auポイント
7,グローバルポイント,シンガポール航空
8,グローバルポイント,大韓航空
9,グローバルポイント,大垣共立銀行
10,グローバルポイント,Tポイント
11,グローバルポイント,Amazonギフト券
12,グローバルポイント,Apple Gift Card
13,グローバルポイント,nanacoポイント
14,グローバルポイント,Ponta
15,グローバルポイント,WAONポイント
0,漢方スタイルクラブポイント,ANA
0,ドリームポイント,現金（楽天銀行）
1,ドリームポイント,Amazonギフト券
2,ドリームポイント,ポイントタウン
3,ドリームポイント,.money
0,OSAKA PiTaPaポイント,PiTaPa
0,ポイントプログラム,JAL
1,ポイントプログラム,Tポイント
2,ポイントプログラム,ANA
0,カエトクカード,None
0,お財布コイン,None
0,キューモニター,現金（PayPay銀行）
1,キューモニター,現金（楽天銀行）
2,キューモニター,楽天
3,キューモニター,Gポイント
4,キューモニター,PeX
5,キューモニター,Amazonギフト券
6,キューモニター,Tポイント
7,キューモニター,nanacoポイント
8,キューモニター,Apple Gift Card
9,キューモニター,dポイント
0,フレッツ光メンバーズクラブ,Apple Gift Card
0,ハピタス,PeX
1,ハピタス,ネットマイル
2,ハピタス,楽天Edy
3,ハピタス,nanaco
4,ハピタス,ちょコムポイント
5,ハピタス,Amazonギフト券
6,ハピタス,WebMoney
7,ハピタス,現金（楽天銀行）
8,ハピタス,現金（PayPay銀行）
9,ハピタス,現金（住信SBIネット銀行）
10,ハピタス,Apple Gift Card
11,ハピタス,BitCash
12,ハピタス,.money
13,ハピタス,楽天
14,ハピタス,Gポイント
15,ハピタス,dポイント
16,ハピタス,JAL
17,ハピタス,Tポイント
0,RealPay（旧PointExchange）,現金（PayPay銀行）
1,RealPay（旧PointExchange）,現金（楽天銀行）
2,RealPay（旧PointExchange）,ベルメゾン
3,RealPay（旧PointExchange）,nanaco
4,RealPay（旧PointExchange）,ちょコムポイント
5,RealPay（旧PointExchange）,楽天Edy
6,RealPay（旧PointExchange）,WebMoney
7,RealPay（旧PointExchange）,Amazonギフト券
8,RealPay（旧PointExchange）,現金（住信SBIネット銀行）
9,RealPay（旧PointExchange）,Apple Gift Card
10,RealPay（旧PointExchange）,Tポイント
11,RealPay（旧PointExchange）,BitCash
12,RealPay（旧PointExchange）,三井住友カード
13,RealPay（旧PointExchange）,ANA VISA（マスター）カード（ボーナス）
14,RealPay（旧PointExchange）,LINEポイント
0,げん玉,RealPay（旧PointExchange）
1,げん玉,JAL
2,げん玉,PeX
0,現金,None
0,アップルポイント,ANA
1,アップルポイント,ネットマイル
2,アップルポイント,JAL
3,アップルポイント,楽天
4,アップルポイント,Tポイント
5,アップルポイント,Apple Gift Card
0,TRUST CLUB リワードポイント,Amazonギフト券
1,TRUST CLUB リワードポイント,楽天
2,TRUST CLUB リワードポイント,スターバックス カード
3,TRUST CLUB リワードポイント,WebMoney
4,TRUST CLUB リワードポイント,Apple Gift Card
5,TRUST CLUB リワードポイント,Tポイント
0,nimoca,None
0,nimocaポイント,nimoca
1,nimocaポイント,JAL
0,manaca,None
0,μstarポイントサービス,manaca
1,μstarポイントサービス,ANA
0,コナカポイント,None
0,CNポイント,dポイント
1,CNポイント,Tポイント
2,CNポイント,nanacoポイント
3,CNポイント,楽天
4,CNポイント,ヤマダ電機
5,CNポイント,WAONポイント
6,CNポイント,JAL
7,CNポイント,.money
8,CNポイント,Amazonギフト券
9,CNポイント,Apple Gift Card
10,CNポイント,NET CASH
0,ポイントタウン,WAONポイント
1,ポイントタウン,WebMoney
2,ポイントタウン,PeX
3,ポイントタウン,nanaco
4,ポイントタウン,Amazonギフト券
5,ポイントタウン,GMOポイント
6,ポイントタウン,楽天Edy
7,ポイントタウン,Apple Gift Card
8,ポイントタウン,現金（楽天銀行）
9,ポイントタウン,Tポイント
10,ポイントタウン,現金（PayPay銀行）
11,ポイントタウン,ANA
12,ポイントタウン,現金（住信SBIネット銀行）
13,ポイントタウン,JAL
14,ポイントタウン,LINEポイント
15,ポイントタウン,楽天
16,ポイントタウン,リクルート
17,ポイントタウン,Ponta
18,ポイントタウン,.money
0,GMOポイント,None
0,iDバリュー,None
0,Switch!ポイント,None
0,ポトラ,ベルメゾン
1,ポトラ,ちょコムポイント
2,ポトラ,Tポイント
3,ポトラ,現金（PayPay銀行）
4,ポトラ,現金（楽天銀行）
5,ポトラ,現金（住信SBIネット銀行）
6,ポトラ,Amazonギフト券
7,ポトラ,dポイント
8,ポトラ,nanaco
9,ポトラ,Apple Gift Card
0,ミレニアム／クラブ・オンポイント,nanacoポイント
0,ALL - Accor Live Limitless,キャセイパシフィック航空
1,ALL - Accor Live Limitless,デルタ航空
2,ALL - Accor Live Limitless,シンガポール航空
3,ALL - Accor Live Limitless,タイ国際航空
4,ALL - Accor Live Limitless,エールフランス航空/KLMオランダ航空
5,ALL - Accor Live Limitless,エアチャイナ
6,ALL - Accor Live Limitless,中国東方航空
7,ALL - Accor Live Limitless,中国南方航空
8,ALL - Accor Live Limitless,ルフトハンザ
9,ALL - Accor Live Limitless,カンタス航空
10,ALL - Accor Live Limitless,ブリティッシュ・エアウェイズ
11,ALL - Accor Live Limitless,エティハド航空
12,ALL - Accor Live Limitless,JAL
0,ベストウェスタン リワードポイント,アシアナ航空
1,ベストウェスタン リワードポイント,アメリカン航空
2,ベストウェスタン リワードポイント,デルタ航空
0,GetMoney!,現金（PayPay銀行）
1,GetMoney!,現金（楽天銀行）
2,GetMoney!,PeX
3,GetMoney!,ネットマイル
4,GetMoney!,現金（住信SBIネット銀行）
5,GetMoney!,Amazonギフト券
6,GetMoney!,Apple Gift Card
7,GetMoney!,.money
8,GetMoney!,Gポイント
0,マリオット リワード,デルタ航空
1,マリオット リワード,ユナイテッド航空
2,マリオット リワード,ヴァージン アトランティック航空
3,マリオット リワード,ANA
4,マリオット リワード,キャセイパシフィック航空
5,マリオット リワード,JAL
6,マリオット リワード,シンガポール航空
7,マリオット リワード,エールフランス航空/KLMオランダ航空
8,マリオット リワード,エアチャイナ
9,マリオット リワード,カンタス航空
10,マリオット リワード,ルフトハンザ
11,マリオット リワード,ブリティッシュ・エアウェイズ
12,マリオット リワード,カタール航空
13,マリオット リワード,エティハド航空
14,マリオット リワード,エミレーツ航空
15,マリオット リワード,スターウッド
0,フライング・ブルー,None
0,埼玉りそなクラブポイント,セブンカード／アイワイカード
1,埼玉りそなクラブポイント,dポイント
2,埼玉りそなクラブポイント,Tポイント
3,埼玉りそなクラブポイント,上新電機
4,埼玉りそなクラブポイント,高島屋
5,埼玉りそなクラブポイント,JAL
6,埼玉りそなクラブポイント,ヨドバシカメラ
7,埼玉りそなクラブポイント,楽天
8,埼玉りそなクラブポイント,auポイント
9,埼玉りそなクラブポイント,WAONポイント
10,埼玉りそなクラブポイント,nanacoポイント
11,埼玉りそなクラブポイント,楽天Edy
12,埼玉りそなクラブポイント,ANA
13,埼玉りそなクラブポイント,西武
14,埼玉りそなクラブポイント,りそな銀行
15,埼玉りそなクラブポイント,関西みらい銀行
16,埼玉りそなクラブポイント,Ponta
17,埼玉りそなクラブポイント,近鉄電車
18,埼玉りそなクラブポイント,OSAKA PiTaPa
19,埼玉りそなクラブポイント,ビックカメラ
20,埼玉りそなクラブポイント,ベルメゾン
21,埼玉りそなクラブポイント,スターバックス カード
22,埼玉りそなクラブポイント,LINEポイント
0,MyVoice,PeX
1,MyVoice,Amazonギフト券
2,MyVoice,WebMoney
0,チャンスイット,現金（楽天銀行）
1,チャンスイット,現金（PayPay銀行）
2,チャンスイット,現金（住信SBIネット銀行）
3,チャンスイット,PeX
4,チャンスイット,ネットマイル
5,チャンスイット,Amazonギフト券
6,チャンスイット,Apple Gift Card
7,チャンスイット,.money
0,一休ポイント,None
0,Fastaskモニターポイント,PeX
0,サンクスポイント・プレゼント,楽天
1,サンクスポイント・プレゼント,JAL
2,サンクスポイント・プレゼント,コスモ石油
3,サンクスポイント・プレゼント,UCS
4,サンクスポイント・プレゼント,TS CUBIC CARD
5,サンクスポイント・プレゼント,UCカード（UCポイント）
6,サンクスポイント・プレゼント,JCBカード
7,サンクスポイント・プレゼント,MUFGカード
8,サンクスポイント・プレゼント,Tポイント
9,サンクスポイント・プレゼント,Ponta
10,サンクスポイント・プレゼント,WAONポイント
11,サンクスポイント・プレゼント,nanacoポイント
12,サンクスポイント・プレゼント,dポイント
13,サンクスポイント・プレゼント,μstarポイントサービス
14,サンクスポイント・プレゼント,中部電力
0,Doポイントクラブ,None
0,J-マイレージポイントプレゼント,DCカード
1,J-マイレージポイントプレゼント,JCBカード
2,J-マイレージポイントプレゼント,nanacoポイント
3,J-マイレージポイントプレゼント,WAONポイント
4,J-マイレージポイントプレゼント,dポイント
5,J-マイレージポイントプレゼント,Tポイント
6,J-マイレージポイントプレゼント,ANA
7,J-マイレージポイントプレゼント,μstarポイントサービス
8,J-マイレージポイントプレゼント,ヤマダ電機
9,J-マイレージポイントプレゼント,楽天
10,J-マイレージポイントプレゼント,中部薬品
11,J-マイレージポイントプレゼント,Ponta
12,J-マイレージポイントプレゼント,ユニコポイント
13,J-マイレージポイントプレゼント,中部電力
0,UCポイント（にこにこプレゼント）,dポイント
1,UCポイント（にこにこプレゼント）,auポイント
2,UCポイント（にこにこプレゼント）,JAL
3,UCポイント（にこにこプレゼント）,ANA
4,UCポイント（にこにこプレゼント）,大垣共立銀行
5,UCポイント（にこにこプレゼント）,Ponta
6,UCポイント（にこにこプレゼント）,nanacoポイント
7,UCポイント（にこにこプレゼント）,Apple Gift Card
8,UCポイント（にこにこプレゼント）,Amazonギフト券
0,池田泉州銀行,ANA
1,池田泉州銀行,ヨドバシカメラ
2,池田泉州銀行,楽天
3,池田泉州銀行,dポイント
4,池田泉州銀行,Sポイント
0,ヨシケイポイント,楽天
1,ヨシケイポイント,マイ・グリーンスタンプ
2,ヨシケイポイント,ヤマダ電機
0,関西みらいクラブポイント,セブンカード／アイワイカード
1,関西みらいクラブポイント,dポイント
2,関西みらいクラブポイント,Tポイント
3,関西みらいクラブポイント,上新電機
4,関西みらいクラブポイント,高島屋
5,関西みらいクラブポイント,JAL
6,関西みらいクラブポイント,ヨドバシカメラ
7,関西みらいクラブポイント,楽天
8,関西みらいクラブポイント,auポイント
9,関西みらいクラブポイント,OSAKA PiTaPa
10,関西みらいクラブポイント,WAONポイント
11,関西みらいクラブポイント,nanacoポイント
12,関西みらいクラブポイント,楽天Edy
13,関西みらいクラブポイント,ANA
14,関西みらいクラブポイント,りそな銀行
15,関西みらいクラブポイント,埼玉りそな銀行
16,関西みらいクラブポイント,Ponta
17,関西みらいクラブポイント,近鉄電車
18,関西みらいクラブポイント,ベルメゾン
19,関西みらいクラブポイント,スターバックス カード
20,関西みらいクラブポイント,LINEポイント
0,FXポイント,None
0,ビジネスエリートカード,現金（PayPay銀行）
1,ビジネスエリートカード,現金（楽天銀行）
2,ビジネスエリートカード,現金（住信SBIネット銀行）
3,ビジネスエリートカード,Gポイント
0,SoftBankマネー,ベルメゾン
1,SoftBankマネー,ヤマダ電機
0,ポイント・プレゼント,ANA
1,ポイント・プレゼント,dポイント
2,ポイント・プレゼント,ちょコムポイント
3,ポイント・プレゼント,Amazonギフト券
4,ポイント・プレゼント,nanaco
5,ポイント・プレゼント,JAL
6,ポイント・プレゼント,JRキューポ
7,ポイント・プレゼント,スターバックス カード
8,ポイント・プレゼント,Ponta
9,ポイント・プレゼント,楽天Edy
10,ポイント・プレゼント,Tポイント
0,フォートラベルポイントクラブ,JAL
1,フォートラベルポイントクラブ,楽天
2,フォートラベルポイントクラブ,デルタ航空
3,フォートラベルポイントクラブ,ANA
4,フォートラベルポイントクラブ,ANA SKYコイン
5,フォートラベルポイントクラブ,ユナイテッド航空
6,フォートラベルポイントクラブ,dポイント
0,ビーム,ANA
1,ビーム,ネットマイル
0,ToKoPo,PASMO
0,スギポイント,ANA
0,V・ドラッグポイント,None
0,東海東京ポイントサービス,TS CUBIC CARD
1,東海東京ポイントサービス,Amazonギフト券
2,東海東京ポイントサービス,UCS
0,POINT-BOX,None
0,Point＊cafe,None
0,E-NEXCOポイン,None
0,アパポイント,楽天Edy
0,じぶんポイント,Ponta
0,スカイパールクラブ,None
0,イースタンマイルズ,None
0,フェニックスマイル,None
0,カンタス・フリークエントフライヤーポイント,None
0,Miles ＆ More,None
0,スカイパス,None
0,プリンスポイント,None
0,コジマポイント,ビックカメラ
1,コジマポイント,ソフマップ
0,イーツアーポイント,Gポイント
1,イーツアーポイント,SBIポイント
2,イーツアーポイント,.money
0,ANAアメリカン・エキスプレス メンバーシップ・リワード,ANA
0,夢わくわくプレゼント,dポイント
1,夢わくわくプレゼント,auポイント
2,夢わくわくプレゼント,JAL
3,夢わくわくプレゼント,楽天
4,夢わくわくプレゼント,Amazonギフト券
5,夢わくわくプレゼント,nanacoポイント
6,夢わくわくプレゼント,Ponta
0,もらえるモール,楽天
1,もらえるモール,楽天Edy
0,Sポイント,関西電力
1,Sポイント,ANA
0,モッピー,JAL
1,モッピー,WAONポイント
2,モッピー,楽天Edy
3,モッピー,WebMoney
4,モッピー,nanaco
5,モッピー,現金（楽天銀行）
6,モッピー,Amazonギフト券
7,モッピー,Apple Gift Card
8,モッピー,PeX
9,モッピー,.money
10,モッピー,nanacoポイント
11,モッピー,Tポイント
12,モッピー,Gポイント
13,モッピー,楽天
14,モッピー,dポイント
15,モッピー,LINEポイント
16,モッピー,Ponta
0,サンルートクラブ,ANA
1,サンルートクラブ,JAL
2,サンルートクラブ,楽天Edy
0,Extreme Cardポイント,None
0,ECナビマイル,ECナビ
0,@SOHOポイント,楽天
0,icou！ポイント,楽天
1,icou！ポイント,ネットマイル
0,Reader’s Card,Gポイント
1,Reader’s Card,ANA
2,Reader’s Card,Amazonギフト券
0,BOOKFANポイント,RealPay（旧PointExchange）
1,BOOKFANポイント,PeX
0,スマポ,None
0,JRキューポ,SUGOCA
1,JRキューポ,ANA
2,JRキューポ,ビックカメラ
3,JRキューポ,JAL
4,JRキューポ,丸井
5,JRキューポ,Ponta
6,JRキューポ,Tポイント
7,JRキューポ,Gポイント
8,JRキューポ,クレディセゾン
0,SUGOCA,None
0,SUGOCAポイント,None
0,サークルプラス,SBIポイント
0,REXポイント,ANA
0,ベネポ,アウトレット・ポイント
1,ベネポ,楽天
2,ベネポ,リクルート
3,ベネポ,dポイント
4,ベネポ,nanacoポイント
5,ベネポ,WAONポイント
6,ベネポ,ANA SKYコイン
7,ベネポ,中部電力
8,ベネポ,スターバックス カード
9,ベネポ,クラブネッツ
0,国内線ドットコムポイント,None
0,Apple Gift Card,None
0,ANA SKYコイン,None
0,M2Jポイント,楽天
1,M2Jポイント,Amazonギフト券
2,M2Jポイント,.money
3,M2Jポイント,Apple Gift Card
0,ショッぷらっと,None
0,井筒屋ウィズカードポイント,スターフライヤー
0,スターフライヤー,井筒屋
0,おでかけポイント,ぐるなび
1,おでかけポイント,Apple Gift Card
2,おでかけポイント,東京メトロ
3,おでかけポイント,京王
4,おでかけポイント,nanacoポイント
0,QooPoポイント,None
0,クルーポイント,None
0,オリコポイント,ANA
1,オリコポイント,JAL
2,オリコポイント,dポイント
3,オリコポイント,auポイント
4,オリコポイント,Amazonギフト券
5,オリコポイント,Apple Gift Card
6,オリコポイント,ベルメゾン
7,オリコポイント,nanaco
8,オリコポイント,WAONポイント
9,オリコポイント,Ponta
0,FXTFポイント,None
0,ポイント,ANA
1,ポイント,JAL
0,ユニコ,None
0,ユニコポイント,ユニコ
0,ナイスナイスプレゼント,JAL
1,ナイスナイスプレゼント,Amazonギフト券
2,ナイスナイスプレゼント,楽天
0,e-honポイント,京王
0,ゴールデンサークルアワードポイント,エアチャイナ
1,ゴールデンサークルアワードポイント,エールフランス航空/KLMオランダ航空
2,ゴールデンサークルアワードポイント,ANA
3,ゴールデンサークルアワードポイント,アメリカン航空
4,ゴールデンサークルアワードポイント,キャセイパシフィック航空
5,ゴールデンサークルアワードポイント,中国東方航空
6,ゴールデンサークルアワードポイント,中国南方航空
7,ゴールデンサークルアワードポイント,デルタ航空
8,ゴールデンサークルアワードポイント,ルフトハンザ
9,ゴールデンサークルアワードポイント,シンガポール航空
10,ゴールデンサークルアワードポイント,タイ国際航空
11,ゴールデンサークルアワードポイント,ユナイテッド航空
12,ゴールデンサークルアワードポイント,ヴァージン アトランティック航空
13,ゴールデンサークルアワードポイント,ブリティッシュ・エアウェイズ
14,ゴールデンサークルアワードポイント,カタール航空
15,ゴールデンサークルアワードポイント,エティハド航空
0,おサイフくんQUICPay,PeX
0,au WALLETポイントプログラム,None
0,au WALLET,None
0,西鉄ホテルグループポイントメンバーズ,Gポイント
1,西鉄ホテルグループポイントメンバーズ,nimocaポイント
0,hearconポイント,None
0,MUJIショッピングポイント,None
0,LINEギフトコード,None
0,モニプラポイント,Amazonギフト券
1,モニプラポイント,LINEギフトコード
0,Vポイント（ANA VISA（マスター）カード）,ANA
1,Vポイント（ANA VISA（マスター）カード）,Tポイント
2,Vポイント（ANA VISA（マスター）カード）,楽天
3,Vポイント（ANA VISA（マスター）カード）,Gポイント
4,Vポイント（ANA VISA（マスター）カード）,dポイント
5,Vポイント（ANA VISA（マスター）カード）,楽天Edy
6,Vポイント（ANA VISA（マスター）カード）,ビックカメラ
7,Vポイント（ANA VISA（マスター）カード）,上新電機
8,Vポイント（ANA VISA（マスター）カード）,ベルメゾン
9,Vポイント（ANA VISA（マスター）カード）,PiTaPa
10,Vポイント（ANA VISA（マスター）カード）,ヨドバシカメラ
11,Vポイント（ANA VISA（マスター）カード）,iDバリュー
12,Vポイント（ANA VISA（マスター）カード）,カエトクカード
13,Vポイント（ANA VISA（マスター）カード）,WAONポイント
14,Vポイント（ANA VISA（マスター）カード）,nanacoポイント
15,Vポイント（ANA VISA（マスター）カード）,スターバックス カード
16,Vポイント（ANA VISA（マスター）カード）,Ponta
17,Vポイント（ANA VISA（マスター）カード）,タリーズカード
18,Vポイント（ANA VISA（マスター）カード）,PeX
19,Vポイント（ANA VISA（マスター）カード）,中部電力
20,Vポイント（ANA VISA（マスター）カード）,RealPay（旧PointExchange）
21,Vポイント（ANA VISA（マスター）カード）,ブリティッシュ・エアウェイズ
22,Vポイント（ANA VISA（マスター）カード）,エールフランス航空/KLMオランダ航空
23,Vポイント（ANA VISA（マスター）カード）,Amazonギフト券
24,Vポイント（ANA VISA（マスター）カード）,Apple Gift Card
0,Oki Dokiポイントプログラム（ANA JCBカード）,ANA
1,Oki Dokiポイントプログラム（ANA JCBカード）,dポイント
2,Oki Dokiポイントプログラム（ANA JCBカード）,auポイント
3,Oki Dokiポイントプログラム（ANA JCBカード）,上新電機
4,Oki Dokiポイントプログラム（ANA JCBカード）,楽天
5,Oki Dokiポイントプログラム（ANA JCBカード）,ビックカメラ
6,Oki Dokiポイントプログラム（ANA JCBカード）,ベルメゾン
7,Oki Dokiポイントプログラム（ANA JCBカード）,セシール
8,Oki Dokiポイントプログラム（ANA JCBカード）,nanacoポイント
9,Oki Dokiポイントプログラム（ANA JCBカード）,JTBトラベルポイント
10,Oki Dokiポイントプログラム（ANA JCBカード）,ちょコムポイント
11,Oki Dokiポイントプログラム（ANA JCBカード）,楽天Edy
12,Oki Dokiポイントプログラム（ANA JCBカード）,カエトクカード
13,Oki Dokiポイントプログラム（ANA JCBカード）,東京メトロ
14,Oki Dokiポイントプログラム（ANA JCBカード）,スターバックス カード
15,Oki Dokiポイントプログラム（ANA JCBカード）,ANA SKYコイン
16,Oki Dokiポイントプログラム（ANA JCBカード）,Ponta
17,Oki Dokiポイントプログラム（ANA JCBカード）,WAONポイント
0,TLCポイント,WAONポイント
1,TLCポイント,LuLuCaポイント
2,TLCポイント,.money
3,TLCポイント,三越伊勢丹
4,TLCポイント,honto
0,LuLuCaポイント,TLCポイント
0,Executive Club,None
0,CLUB Panasonicコイン,ANA
1,CLUB Panasonicコイン,Gポイント
2,CLUB Panasonicコイン,nanacoポイント
3,CLUB Panasonicコイン,JAL
4,CLUB Panasonicコイン,楽天Edy
5,CLUB Panasonicコイン,ネットマイル
6,CLUB Panasonicコイン,LINEポイント
7,CLUB Panasonicコイン,dポイント
0,エムアイカードポイント,JAL
1,エムアイカードポイント,ANA
2,エムアイカードポイント,JTBトラベルポイント
3,エムアイカードポイント,スターバックス カード
4,エムアイカードポイント,WAON POINT
0,プリビレッジクラブ,None
0,エティハドゲスト,None
0,タリーズカード,None
0,カテエネポイント,WAONポイント
1,カテエネポイント,ユニコポイント
2,カテエネポイント,nanacoポイント
3,カテエネポイント,LuLuCaポイント
4,カテエネポイント,dポイント
5,カテエネポイント,manaca
6,カテエネポイント,μstarポイントサービス
7,カテエネポイント,Tポイント
8,カテエネポイント,JAL
9,カテエネポイント,三井住友カード
10,カテエネポイント,ANA VISA（マスター）カード（ボーナス）
11,カテエネポイント,Ponta
12,カテエネポイント,三越伊勢丹
0,エミレーツ・スカイワーズ,None
0,Usappyポイント,楽天Edy
1,Usappyポイント,nanaco
2,Usappyポイント,Apple Gift Card
3,Usappyポイント,Amazonギフト券
0,eレールポイント,None
0,.money,Amazonギフト券
1,.money,Apple Gift Card
2,.money,WebMoney
3,.money,現金（楽天銀行）
4,.money,現金（住信SBIネット銀行）
5,.money,現金（PayPay銀行）
6,.money,nanacoポイント
7,.money,JAL
8,.money,BitCash
9,.money,楽天Edy
10,.money,Tポイント
11,.money,WAONポイント
12,.money,クラブネッツ
13,.money,dポイント
14,.money,NET CASH
15,.money,Ponta
16,.money,リクルート
17,.money,ANA
18,.money,東急
0,LINEポイント（旧LINEフリーコイン）,None
0,BitCash,None
0,dポイントクラブ,None
0,JRE POINT,None
0,エネモポイント,Ponta
1,エネモポイント,JAL
2,エネモポイント,楽天
0,よりそうeポイント,WAONポイント
1,よりそうeポイント,Amazonギフト券
2,よりそうeポイント,楽天Edy
3,よりそうeポイント,Apple Gift Card
4,よりそうeポイント,nanaco
5,よりそうeポイント,dポイント
6,よりそうeポイント,Ponta
0,エネルギアポイント,dポイント
1,エネルギアポイント,WAONポイント
2,エネルギアポイント,ANA
3,エネルギアポイント,Tポイント
4,エネルギアポイント,ネットマイル
5,エネルギアポイント,JAL
0,よんでんポイント,ネットマイル
1,よんでんポイント,WAONポイント
2,よんでんポイント,dポイント
3,よんでんポイント,ANA
4,よんでんポイント,JAL
0,パッチョポイント,WAONポイント
1,パッチョポイント,dポイント
2,パッチョポイント,Tポイント
3,パッチョポイント,楽天
4,パッチョポイント,nanacoポイント
5,パッチョポイント,Ponta
6,パッチョポイント,京王
7,パッチョポイント,三越伊勢丹
0,がすてきポイント,WAONポイント
1,がすてきポイント,ユニコポイント
2,がすてきポイント,Tポイント
3,がすてきポイント,nanacoポイント
4,がすてきポイント,楽天Edy
5,がすてきポイント,μstarポイントサービス
6,がすてきポイント,dポイント
0,Smart Lifeポイント,WAONポイント
1,Smart Lifeポイント,楽天
2,Smart Lifeポイント,Ponta
3,Smart Lifeポイント,dポイント
0,西部ガス,None
0,永久不滅ポイント,クレディセゾン
1,永久不滅ポイント,JAL
2,永久不滅ポイント,ANA
3,永久不滅ポイント,Amazonギフト券
4,永久不滅ポイント,WebMoney
5,永久不滅ポイント,nanacoポイント
6,永久不滅ポイント,nanaco
7,永久不滅ポイント,そごう・西武
8,永久不滅ポイント,Tポイント
9,永久不滅ポイント,dポイント
10,永久不滅ポイント,auポイント
0,NET CASH,None
0,NET CASHポイント,NET CASH
1,NET CASHポイント,楽天Edy
2,NET CASHポイント,nanaco
0,WAON POINT,WAONポイント
1,WAON POINT,三越伊勢丹
0,Point Income,JAL
1,Point Income,Apple Gift Card
2,Point Income,WebMoney
3,Point Income,Amazonギフト券
4,Point Income,楽天Edy
5,Point Income,nanaco
6,Point Income,Tポイント
7,Point Income,PeX
8,Point Income,.money
9,Point Income,現金（楽天銀行）
10,Point Income,現金（PayPay銀行）
11,Point Income,現金（住信SBIネット銀行）
12,Point Income,ANA
0,チャンピオンポイント,None
0,ラグジュアリーカードポイント,JAL
1,ラグジュアリーカードポイント,ANA
2,ラグジュアリーカードポイント,dポイント
3,ラグジュアリーカードポイント,PeX
4,ラグジュアリーカードポイント,Amazonギフト券
5,ラグジュアリーカードポイント,ANA SKYコイン
6,ラグジュアリーカードポイント,nanaco
7,ラグジュアリーカードポイント,カエトクカード
8,ラグジュアリーカードポイント,ユナイテッド航空
9,ラグジュアリーカードポイント,スターバックス カード
0,くらしTEPCOポイント,Tポイント
1,くらしTEPCOポイント,Ponta
2,くらしTEPCOポイント,nanacoポイント
3,くらしTEPCOポイント,WAONポイント
0,自治体ポイント,None
